CodIBGE,PIB_2016,PIB_2017,PIBCap2016,PIBCap2017,ChgPIB,ChgPIBCap,PopEst
3514403,1127243.157,1166834.864,24458.5,25188.56,0.035122596889714,0.02984892777562,46793
3541505,709553.07,721893.445,17974.29,18255.45,0.017391757603135,0.015642342479175,39516
4204202,8321372.066,8890178.313,39710.11,41683.33,0.068354862934691,0.049690620348319,220367
4204301,2929908.789,3178921.518,40022.8,43094.67,0.084989925261459,0.07675300078955,74641
4219507,1530244.847,1603411.064,31193.2,32237.14,0.047813405249127,0.033466909454625,50982
4300406,1902735.547,2019527.096,24317.97,25890.38,0.061380862508267,0.064660413677622,73589
4301602,2846230.296,3006499.126,23332.43,24601.29,0.056309157493417,0.054381819639018,121143
4303004,2277151.443,2298799.983,26602.24,26888.12,0.009506851231414,0.010746463455709,82201
4306106,3160653.782,3188890.151,49684.1,50248.02,0.008933711487417,0.011350109994948,60299
4307005,4399222.025,4484451.988,42749.91,43354.43,0.01937387167905,0.014140848483658,105862
4310207,3096633.135,3194967.497,37268.87,38341.14,0.031755250852471,0.028771196980214,83475
4311403,3431938.913,3662789.915,43347.89,45888.7,0.067265475246529,0.058614386997845,84014
4314100,8342537.9,8584861.142,42177.06,43183.62,0.029046705559468,0.023865105818187,203275
4314407,8103229.831,8573354.702,23579.82,24894.68,0.058016973577804,0.055762088090579,342405
4315602,9661298.559,9215700.567,46305.85,44014.66,-0.046121956513279,-0.049479493411739,211005
4316808,8180549.543,8238767.068,64528.1,64653.78,0.007116578744984,0.001947678608234,130416
4316907,6703663.024,7152148.855,24173.98,25686.04,0.066901607284609,0.062549071356889,282123
4317202,2597035.275,2810212.444,35819.2,38626.76,0.082084818428198,0.078381426720865,73254
4317509,2212877.895,2318885.415,27996.94,29315.5,0.047904821246362,0.047096575554328,77593
4318309,1607637.929,1708474.559,25569.2,27137.17,0.062723470366691,0.06132260688641,62105
4318903,1139003.035,1134868.032,32428.98,32372.08,-0.003630370484483,-0.001754603444203,33468
4322400,2609549.721,2807638.844,20116.79,21633.17,0.075909311635607,0.075378825349372,126970
5002704,25451899.094,27034851.035,29458.83,30924.89,0.062193863615197,0.0497664028069,895982
5003207,2630591.39,2869213.193,24068.95,26107.73,0.090710326167379,0.084705813922086,111435
5003306,816874.95,839888.765,24581.71,25204.48,0.028172996368661,0.025334689897489,33543
5003702,7827594.252,8327408.008,36325.3,38187.03,0.063852793068866,0.051251607006687,222949
5006200,1824707.757,2007864.5,35250.52,38154.19,0.100375932692437,0.082372401882299,54374
5006606,2583870.685,2641613.35,29307.55,29484.92,0.022347350947248,0.006052024137125,92526
5008305,9233556.733,10131704.503,79902.01,86244.15,0.097269968222548,0.079373973195418,121388
5102504,1714990.75,1816006.268,18870.73,19896.86,0.058901494366661,0.054376804712907,94376
5103403,22215195.806,23301195.038,37950.89,39485.65,0.048885422459643,0.040440685317261,612547
5107602,9488929.461,9598521.754,43348.44,43175.13,0.011549489692218,-0.003998067750535,232491
5108402,7311888.916,7892653.554,26947.43,28803.94,0.079427442713081,0.068893768348225,284971
5213103,2323571.531,2412897.961,37706.24,38452.56,0.038443589451949,0.019793010387671,66801
2910727,2538386.205,2628453.793,22212.96,22798.63,0.035482224029814,0.026366139406905,113380
2913606,3879744.655,3842397.264,21770.63,21789.59,-0.009626249746067,8.70898086091e-4,162327
2914802,3864775.056,3984074.249,17536.39,18023.73,0.030868340659255,0.027790212238665,213223
2915601,834854.152,873032.925,12404.04,12961.47,0.04573106920357,0.044939390714638,64486
2925105,469013.58,444790.635,9611.33,9103.18,-0.051646574924334,-0.052869894176977,46871
2925303,2551779.22,2820578.219,17306.77,18888.98,0.105337874410624,0.091421449525243,148686
2931350,2262398.318,2311886.164,14156.53,14298.26,0.021874064176174,0.01001163420697,160487
2933307,6227313.965,6482662.68,17994.43,18589.99,0.041004631601227,0.033096908321075,338480
3101607,2296070.72,2664045.632,28982.74,33422.98,0.160262882495187,0.153202906281463,79996
3103504,3851059.555,4091891.212,32951.37,34840.91,0.062536466538752,0.057343291037672,117267
3104007,4764778.262,5141110.683,46131.44,49299.6,0.078982147816053,0.068676806967222,106229
3105608,2562536.596,2683459.069,18865.9,19631.86,0.047188583838668,0.040600236405366,137313
3106200,88397460.694,88951167.805,35169.76,35245.02,0.006263835031605,0.002139906556087,2512070
3106705,25156240.333,23088152.506,59561.98,54052.13,-0.082209734031165,-0.092506159130372,439340
3107406,1150400.834,1211510.314,23170.21,24209.87,0.053120163158713,0.044870547137898,50605
3111200,936136.064,983869.024,17248.97,18066.57,0.050989339942789,0.047399931706067,54029
3113404,1527763.497,1608693.255,16725.75,17516.07,0.052972700394346,0.047251692749204,92062
3118007,1356908.965,1646173.882,25435.05,30573.59,0.213179310079951,0.202025944513575,54762
3118304,1999190.278,2125977.232,15813.88,16691.48,0.063419152941679,0.055495552008742,128589
3118601,26490561.454,28988053.323,40517.84,44015.99,0.094278555527666,0.086336043579816,663855
3119401,1618607.254,1648592.879,14733.77,14942.92,0.018525571861795,0.01419528063761,109855
3120904,1353335.501,1480513.112,17044.31,18534.68,0.093973453667643,0.087440911365728,80129
3122306,5639110.958,6036934.73,24207.91,25695.97,0.070547250260367,0.061469990593984,238230
3126109,1485511.385,1620086.425,21770.2,23677.51,0.090591725757794,0.087611046292638,67683
3127107,1625456.229,1842323.006,27883.29,31348.02,0.133419019922437,0.124258292332074,59496
3127701,5663968.476,5886910.449,20252.69,20957.24,0.039361443119727,0.034787971375654,279885
3128709,1851278.821,1914079.723,35527.73,36602.28,0.033922984094896,0.030245388602086,51917
3131307,8480350.185,9662783.325,32701.76,36993.39,0.139432112378034,0.131235444208508,263410
3131703,3726627.303,5220378.287,31453.37,43763.91,0.400831868214325,0.391390175361178,120060
3132404,2643850.976,3010825.869,27390.89,31039.44,0.138803168685102,0.133203046706405,96869
3133808,2620157.168,3028868.153,28451.83,32675.28,0.155987201833383,0.148442121297646,93214
3134202,2868377.606,2895226.172,27595.15,27698.62,0.009360192306563,0.003749571935648,104671
3135100,1025151.851,1096608.648,14382.24,15304.43,0.06970362188811,0.064120053621689,71648
3135209,636623.982,676244.231,9304.65,9860.09,0.062234930068971,0.059694883740925,67742
3136207,2318454.573,2589634.374,29310.42,32537.18,0.116965759932532,0.110089176477171,79910
3136306,1333217.269,1461889.363,27504.89,29986.86,0.096512471741768,0.090237408693509,47452
3136702,14524863.106,15985711.931,25954.13,28355.07,0.100575737914979,0.092507049937717,568873
3138203,2273630.95,2485867.581,22464.93,24341.66,0.09334700119208,0.083540433911879,103773
3138401,981166.986,1038714.63,18424.98,19468.36,0.058652242504213,0.056628555363425,52587
3139409,2076763.597,2385009.739,23670.87,26924.92,0.148426206259239,0.13747065485975,90229
3143104,1038071.233,1091758.532,21583.32,22628.06,0.051718318833328,0.048404971987628,47809
3143302,8770318.907,8966059.286,22020.04,22302.13,0.022318501878395,0.012810603432146,409341
3143906,2037368.111,2100137.983,18879.2,19349.51,0.030809293451241,0.024911542861985,108763
3144805,7848285.064,9112333.295,86179.55,98855.84,0.161060438132934,0.147091624405094,94889
3145604,777608.978,848004.592,18630.27,20235.39,0.090528293771834,0.08615656133808,41687
3146107,3045879.576,4644423.449,40963.47,62208.49,0.524821757759474,0.518633309141047,74281
3147006,3317454.421,3510747.533,36167.79,38000.86,0.058265491388947,0.050682388943311,93158
3147105,2489336.713,2744669.263,27067.13,29595.63,0.102570515537968,0.09341588857038,93969
3147907,2300042.07,2387740.303,20210.02,20861.28,0.038128969093161,0.032224609376933,114679
3148004,4195264.947,4378966.367,27995.31,29020.34,0.043787799416903,0.036614347188868,152488
3148103,2545723.647,2707529.449,28497.01,30089.34,0.063559845622159,0.055877090263154,90757
3151800,6123489.539,6365939.962,37131.86,38329.41,0.039593506522033,0.032251279628869,167397
3152501,6825550.6,7388029.457,46899.72,50211.91,0.082407836372937,0.070622809688416,150737
3156700,2322490.724,2523965.668,17178.69,18562.94,0.086749515043488,0.080579485397315,136344
3162500,1830357.33,2033658.532,20375.34,22530.37,0.11107186485821301,0.105766578619056,90082
3164704,1628739.688,1937431.27,23245.79,27468.44,0.189527881142907,0.181652247568269,70956
3167202,7268416.738,8262636.151,31032.3,34977.38,0.136786242291546,0.127128185793512,239639
3168606,2343818.687,2365624.218,16563.86,16667.07,0.009303420576406,0.006231035519498,140592
3168705,2633274.43,2876835.405,29837.11,32349.07,0.092493578422815,0.084189118852328,89842
3169307,2210695.46,2216413.209,28171.06,28056.22,0.002586402832709,-0.004076523922068,79482
3169901,2468108.269,2861452.246,22000.15,25255.54,0.159370632942035,0.147971263832292,115552
3170107,13463501.92,13152650.568,41390.63,40066.32,-0.023088447110349,-0.031995405723469,333783
3170206,32553438.906,34201961.801,48611.02,50548.78,0.050640514501715,0.03986256614241,691305
3170404,3138954.976,2676152.483,37615.7,31866.55,-0.147438397982297,-0.152839107074971,84378
3170701,4493127.634,5442562.717,33685.66,40506.11,0.211308282412349,0.202473396691649,135558
3171303,1507900.846,1557425.983,19366.08,19869.94,0.032843762327858,0.026017655612287,78846
3200607,4609679.183,5205061.242,47647.23,52900.73,0.129159109639496,0.110258245862351,101220
3201209,4822905.65,4766818.55,22930.73,22522.28,-0.011629317276816,-0.017812341778914,208972
3201308,7400654.401,7973675.167,19241.42,20584.24,0.07742839145719,0.069787988620383,381285
3201506,3243609.553,3345121.895,26243.22,26863.05,0.031296104028955,0.023618671794086,122499
3202405,2080765.801,2160859.148,17124.8,17544.28,0.038492245000138,0.024495468560217,124859
3203205,5277777.972,5480107.162,31700.08,32417.46,0.038336055641865,0.022630226800689,173555
3204906,2020713.11,2113166.615,15981.98,16451.41,0.04575290997147,0.029372455728264,130611
3205002,18331285.111,18538694.998,37099.68,36884.26,0.011314530636782,-0.005806519085879,517510
3205200,11049294.237,10994893.76,23035.49,22605.19,-0.00492343455004,-0.018679871797822,493838
3205309,21721213.287,20255652.094,60411.38,55779.18,-0.067471424069903,-0.076677606106664,362097
3300100,9294025.008,10099365.041,48531.75,51893.01,0.086651373576764,0.069258990248652,203785
3300209,2476383.71,2514577.061,19820.58,19840.12,0.015423034340668,9.85844006583e-4,132400
3300308,1984591.723,2026188.094,20427.7,20789.95,0.020959661636158,0.01773327393686,100374
3300407,4792723.201,4883050.681,26607.61,27211.05,0.018846796739931,0.022679225980838,184412
3300456,7941396.808,8187373.444,16071.11,16514.03,0.030973976234534,0.027560012967368,510906
3300704,7207339.91,8593977.294,33950.6,39781.41,0.192392394602629,0.1717439456151,226525
3301009,17274331.822,21088776.671,35457.36,43013.04,0.220815768060102,0.213092006849918,507548
3301702,41539673.406,40892161.053,46836.03,45894.84,-0.01558780558218,-0.020095426533803,919596
3301900,4350443.239,4186080.024,18850.55,18012.86,-0.037780797488989,-0.044438491184607,240592
3302007,7861566.037,7564818.568,65049.57,61819.73,-0.037746610230503,-0.049651980789419,133019
3302205,2519720.139,2705103.368,25322.8,27051.85,0.073572944126078,0.068280363940797,103224
3302403,17571148.197,15371353.001,73374.85,62961.48,-0.125193594142902,-0.141920153840178,256672
3302502,3684859.853,3855803.281,15592.74,16240.43,0.046390754280879,0.04153792085291,245071
3302700,5854082.235,11438880.398,39059.5,74760.02,0.95400063388416,0.914003507469374,161207
3303203,2541271.827,2643916.242,16051.59,16698.88,0.040390962473768,0.040325600143039,162485
3303302,23019308.8,27471324.047,46234.37,55049.66,0.193403515530405,0.19066529942984,513584
3303401,4802421.132,5014315.843,25944.73,27048.7,0.044122475971147,0.042550837877288,190631
3303500,16068661.734,16833644.449,20150.43,21077.7,0.047607120472351,0.046017380274267,821128
3303906,12693830.212,12811831.463,42574.17,42958.85,0.009295953154348,0.009035525531091,306191
3304201,6332463.377,7731527.107,50224.16,60915.1,0.220935147462756,0.212864485936649,131341
3304300,1543307.595,1600478.093,26625.74,27465.65,0.037044137011456,0.031545038748219,60201
3304557,328440481.384,337594461.666,50538.35,51776.18,0.027871047574363,0.024492885106063,6718903
3304706,1077168.633,1049371.305,26115.71,25401.13,-0.025805920399466,-0.027362074398896,42479
3304755,956780.276,939627.253,23200.3,22811.47,-0.017927860168388,-0.016759697072883,42205
3304904,16903509.59,17225904.034,16190.2,16408.34,0.019072633542961,0.013473582784647,1084839
3305109,9405813.855,9194527.345,20423.4,19968.09,-0.022463394795729,-0.022293545638826,472406
3305406,827312.035,706646.288,46995.68,39777.44,-0.145852764005784,-0.153593692015947,18228
3305505,2188281.365,2092720.9,26128.73,24569.66,-0.043669185566546,-0.059668801353912,89170
3305802,5239125.415,5085014.319,30008.68,28882.28,-0.029415424100894,-0.037535806306709,182594
3306008,3638040.706,3714350.808,45917.46,46779.06,0.020975604224039,0.018764104112031,81804
3306107,2010736.052,2198875.368,27173.21,29619.67,0.093567385840059,0.090032057309387,76523
3306305,10435922.787,11304596.111,39581.14,42626.52,0.083238764959252,0.076940179085291,273012
3500105,979975.651,1054541.08,27924.31,30010.56,0.076089062951626,0.07471088811147,35068
3501608,10435437.408,10382872.903,45053.93,44396.3,-0.005037115642101,-0.0145965068974,239597
3501905,4076977.288,4358990.772,57631.64,61227.8,0.069172198930336,0.062399057184561,72195
3502804,6609261.268,6970532.865,34098.59,35769.43,0.054661418629214,0.049000266579938,197016
3503208,9012929.739,9009108.254,39415.6,39039.34,-4.24000309629e-4,-0.009545966571611,236072
3503307,5014670.965,5284021.06,38544.15,40249.39,0.053712416403775,0.044241214295814,134236
3504008,3065889.24,3303947.858,29978.97,32100.85,0.077647494532451,0.070778949376846,104386
3504107,5583469.773,6162799.316,40328.71,44119.9,0.103757979635076,0.094007222150176,142761
3504503,2546313.676,2621040.062,28630.21,29292.24,0.029346889467831,0.023123476914769,90655
3505500,4251390.071,4443581.396,35443.61,36834.01,0.045206702229229,0.039228509737016,122098
3505708,47063172.57,47553588.858,177640.45,177747.83,0.010420383098283,6.04479441478e-4,274182
3506003,13267502.614,13771752.864,35919.47,37051.72,0.038006417987656,0.031521901631622,376818
3506102,3254483.196,3260501.417,41887.94,41929.78,0.001849209425139,9.98855517841e-4,77496
3506508,3043544.348,3146638.418,25461.32,26071.64,0.033873030326549,0.023970477571469,123638
3507506,4157937.857,4290669.257,29482.23,30100.24,0.031922410715337,0.020962118537166,146497
3507605,5315536.121,5672442.615,32724.08,34553.72,0.067144025715483,0.055911121107148,168668
3508504,3750298.763,4075123.246,40816.02,44013.99,0.086612961667129,0.078350853414909,94263
3509502,57778152.309,59053563.023,49241.2,49942.59,0.022074273112422,0.014243966434612,1204073
3510500,2637451.03,2928286.47,22920.21,25073.95,0.110271408527346,0.093966852834245,121532
3510609,5223499.549,5494356.824,13241.98,13854.1,0.051853603596435,0.046225715489678,400927
3511102,3883564.781,3974659.114,32338.25,32932.52,0.023456370148805,0.018376690142478,121862
3512803,1582157.466,1575660.757,23280.72,22807.24,-0.004106234138897,-0.020337858966561,72252
3513009,10946113.976,11573369.38,46839.12,48678.74,0.057303935019797,0.039275289544295,249210
3513405,2045233.731,2136728.674,25123.87,26145.67,0.044735690407015,0.040670485876579,82238
3513504,13300613.797,12336913.497,104002.86,95822.18,-0.072455325348772,-0.078658221514293,130705
3513801,13419389.964,13412702.568,32321.86,32097.86,-4.98338301364e-4,-0.006930294234305,423884
3515004,9547646.535,11713048.883,36104.06,43860.23,0.226799592974249,0.21482819383748,273726
3516200,8903408.171,9409309.866,25829.14,27097.66,0.056821127963987,0.049111971982033,353187
3516705,1092278.721,1159124.846,24514.19,25999.84,0.061198779867103,0.060603674851178,44390
3518404,4791679.602,5277693.771,40013.02,43828.48,0.101428770153401,0.095355461797185,121798
3518701,8050354.264,8589741.428,25685.43,27220.37,0.067001668039885,0.059759170860679,320459
3518800,53095484.506,55743649.998,39709.82,41318.74,0.049875531161238,0.040516930069187,1379182
3519071,11245733.19,12928627.51,51341.24,58188.31,0.149647363276987,0.133363939008875,230851
3519600,1386536.406,1481595.697,23828.56,25233.68,0.068558813593821,0.058967893989398,60033
3520509,12282381.025,13489932.183,52183.96,56301.42,0.098315721971343,0.07890278928621,251627
3522109,1608295.508,1855369.708,16505.67,18811.6,0.153624877251103,0.139705325503297,101816
3522208,3143513.346,3281942.41,18589.34,19200.84,0.044036416825189,0.032895196924689,175693
3522307,4187366.808,4458856.756,26408.55,27855.67,0.06483548264301,0.054797404628425,163901
3522406,2447764.146,2371572.81,26279.07,25345.44,-0.031126910705228,-0.035527512959934,94354
3522604,3302773.659,3457944.126,44990.79,46827.69,0.046981865250488,0.04082835620357,74773
3522703,1198132.679,1373099.356,28160.22,32121.54,0.14603280593768,0.140670776009562,43120
3523107,6520877.544,6932298.016,18277.33,19221.3,0.063092807559093,0.051647040349985,370821
3523404,5387045.903,5566363.998,46879.75,47778.72,0.033286906818473,0.019176083490206,120858
3523909,7551210.917,7572821.467,44776.31,44504.91,0.002861865499128,-0.006061240865985,173939
3524303,2594416.778,2752005.485,34049.25,35944.33,0.060741476980997,0.055657026219373,77263
3524402,10535706.065,11696354.378,46165.91,50886.68,0.110163315665736,0.102256621823332,233662
3524808,1265684.527,1394460.473,25821.34,28394.63,0.101744110205118,0.099657492601081,49107
3525300,4294014.266,4560371.467,29649.06,31163.28,0.062029882645947,0.051071433630611,150252
3525706,1241723.614,1389990.879,34615.4,38399.66,0.119404401533754,0.109323018078659,37015
3525904,40317016.368,41227952.947,99366.63,100679.5,0.022594345044913,0.013212383271929,418962
3526704,3004228.741,2978265.364,29953.62,29434.15,-0.008642277016283,-0.017342478137868,103391
3526902,11781232.422,12154751.492,39441.56,40393.18,0.031704583749872,0.024127341819137,306114
3527108,3637862.8,3573979.747,47515.25,46402.67,-0.017560599866493,-0.023415219324322,78013
3527207,2407534.999,2439667.316,27488.3,27729.79,0.013346562776178,0.008785192245428,88706
3529005,7161823.892,7719607.347,30653.38,32816.72,0.077882877799196,0.070574272722943,238882
3529302,3779667.737,3821842.949,46162.19,46434,0.011158444322271,0.005888152186887,83170
3529401,14539610.021,16286408.566,31766.96,35251.59,0.120140673819796,0.109693530636863,472912
3530300,1848213.442,1956636.707,31694.16,33298.79,0.058663822335732,0.050628570058333,59824
3530508,2142378.192,2228391.848,31095.38,32298.34,0.040148679780811,0.03868613279529,68885
3530607,14562663.699,14470622.985,33920.22,33350.06,-0.006320321330109,-0.016808853244466,445842
3530706,5350783.829,5557420.343,36074.24,37199.26,0.038617989551377,0.031186242593053,151888
3530805,4276304.641,4456895.179,46517.47,48253.07,0.042230512828424,0.03731071358782,93189
3531308,1776015.527,1622753.678,35719.63,32468.71,-0.086295331696163,-0.091012140943229,50498
3533908,1889058.029,2072343.328,35176.68,38350.45,0.097024705533808,0.090223693651589,54772
3534401,75683470.016,77910495.947,108680.97,111637.85,0.029425526215027,0.027206971008816,698418
3534708,2840996.394,2999647.799,25581.66,26827.36,0.055843578448414,0.048695041682205,113542
3535507,1188897.748,1235133.356,26404.11,27292.75,0.03888947394995,0.033655366531953,45703
3536505,36499592.834,35346489.875,364529.33,344847.17,-0.031592214308919,-0.053993350823101,109424
3538006,6763530.359,7003490.004,41666.08,42704.21,0.035478460546968,0.024915470809829,168328
3538709,21824202.932,21896871.501,55332.53,55111.15,0.003329723849545,-0.004000901458871,404142
3539301,2489882.908,2605700.403,33182.95,34524.48,0.04651523757518,0.040428292240443,76409
3539806,4435624.888,4216622.163,38688.4,36511.34,-0.049373590087044,-0.056271647315475,117452
3540705,1864746.119,1975018.492,33842.94,35629.57,0.059135327794186,0.052791808276704,56150
3541000,6197206.626,6688613.693,20338.38,21574.5,0.079294930225229,0.060777702058866,325073
3543303,3000733.199,3046464.997,24772.83,25002.17,0.01524020796492,0.009257723078066,123393
3543402,30035541.734,35315843.181,44536.36,51759.84,0.175801771573267,0.16219286892777,703293
3543907,8920855.878,9418390.654,44278.17,46406.99,0.05577208989857,0.048078319406606,206424
3545209,6037530.555,6869003.31,52412.3,59118.2,0.137717357688801,0.127945157911406,118663
3545803,5375127.208,5494890.225,28138.49,28635.77,0.022280964220112,0.017672590107003,193475
3546405,1967148.987,2042408.615,41949.74,43319.09,0.038258224718797,0.032642633780329,47673
3547809,26837380.335,27470680.404,37653.34,38408.12,0.023597685805946,0.020045499283729,718773
3548500,21708055.066,22532671.801,49977.22,51829.99,0.037986670500553,0.037072290135386,433311
3548708,43222829.059,44680389.366,52567.04,53998.54,0.033722001514764,0.027231892836272,838936
3548807,12960847.025,13106958.707,81604.58,82119.69,0.011273312748632,0.006312268257492,161127
3548906,9991863.389,10475654.558,40989.74,42568.73,0.048418513160679,0.038521591012775,251983
3549102,2787484.551,2923319.383,31122.82,32449.24,0.048730254648862,0.042618888648265,91211
3549805,15621477.243,16493968.035,34974.84,36599.83,0.055852002882183,0.046461685028438,460671
3549904,41630242.963,39829403.908,59814.25,56638.69,-0.043257952075863,-0.05309035890277,721944
3550308,683066696.839,699288352.212,56741.72,57759.39,0.023748274433622,0.017935127803669,12252023
3550605,2581681.273,2724770.748,29502.91,30797.77,0.05542491882963,0.043889229909863,91016
3551009,5064791.097,5204306.338,14147.9,14441.16,0.027546099795239,0.020728164603934,365798
3551702,5005873.251,5362995.78,41230.47,43728.51,0.071340705426103,0.060587230754343,125815
3552205,30530266.892,31852858.426,46791.04,48271.34,0.043320667280068,0.031636398763524,679378
3552403,12237213.217,13744576.16,45403.39,50345.14,0.123178612341735,0.108840991829024,282441
3552502,10492191.93,10761082.009,36424.14,37009.04,0.025627636321746,0.016058031843717,297637
3552809,8113750.992,8843886.421,29403.19,31626.65,0.089987408994915,0.075619686163304,289664
3554003,3779661.782,3841153.307,32079.15,32295.15,0.016269054890796,0.006733345490763,121766
3554102,15525608.251,16799723.431,50874.61,54552.88,0.082065395403619,0.072300701666312,314924
3555000,1641861.01,1760412.728,24988.37,26771.08,0.072205696632019,0.071341588106787,65524
3555406,1783037.243,1964761.455,20409.29,22247.7,0.10191834899323,0.090077116842379,90799
3556206,5357711.971,5734499.773,43857.08,46237.02,0.070326251959691,0.054265810674126,129193
3556503,2539800.88,2658619.501,21565.41,22356.93,0.046782652110901,0.036703220574058,121838
3556701,8085038.402,8729935.717,109471.78,116199.28,0.079764285948286,0.061454193948431,78728
3557006,3076564.987,3001782.366,25884.37,25036.13,-0.024307180675849,-0.032770355237543,122480
3557105,2586155.522,2808056.861,28100.61,30269.67,0.085803555552759,0.077189071696308,94547
4201406,1572794.57,1724538.158,23671.69,25697.19,0.096480233906199,0.085566345284177,68228
4202008,4931618.87,5148509.908,37438.18,38061.55,0.043979683693602,0.016650649150146,142295
4202305,1523083.104,1609122.815,23243.24,24176.25,0.056490490094754,0.040141133508065,68481
4202404,15405703.547,16008743.976,44821.16,45934.42,0.039143972046472,0.024837822135795,357199
4202909,5249638.789,5883937.702,41726.72,45676.36,0.120827153732767,0.094654935734225,134723
4204608,6898751.969,7146730.517,32984.24,33811.63,0.035945421594269,0.025084403945642,215186
4205407,18660875.642,19512519.362,39055.99,40162.6,0.045637929127142,0.028333938020775,500973
4208203,19288428.128,21913882.1,92307.68,103068.37,0.13611549653384,0.116574157209888,219536
4208906,7768568.416,8528975.544,46434.96,49925.22,0.097882529609172,0.075164488135663,177697
4209102,25236074.283,27378204.958,44301.41,47442.9,0.084883672911164,0.070911738475141,590466
4209300,4749124.182,5074152.042,29940.26,32011.96,0.068439536963871,0.069194455893169,157544
4209409,784301.596,841697.994,17435.9,18576.02,0.073181539209822,0.065389225678055,45814
4210100,1447451.732,1659984.753,26028.16,29691.89,0.14683254460329,0.140760238142074,56292
4211900,4375511.63,4832014.633,27110.58,29298.08,0.104331342618326,0.080688056102083,171797
4216602,9885437.906,10131012.587,41882.3,42262.21,0.024842063986963,0.009070896297481,246586
4218707,3405753.942,3514932.381,32850.61,33649.56,0.032057054284986,0.024320705155855,105686
4219309,2145343.628,2205749.57,41657.97,42364.49,0.028156767620632,0.016960019895353,53065
4300604,2609696.147,2607247.17,12583.4,12524.18,-9.38414613063e-4,-0.004706200232052,210305
4303103,5025165.262,4960250.371,39672.57,38959.54,-0.012917961423256,-0.017972871432327,130293
4304606,20133836.12,18947513.375,58761.93,55103.53,-0.058921843702779,-0.06225799595078,346616
4305108,20069797.091,21717020.236,41878.73,44927.71,0.082074728385703,0.072804977610353,510906
4307708,3373535.951,3183305.491,40106.71,37789.87,-0.056389041872701,-0.057766892372872,83202
4309100,1655187.362,1720060.774,47519.16,49078.69,0.039193999114162,0.032818972389242,36232
4309209,10121618.103,12406079.325,36975.03,45089.08,0.225701187177068,0.219446745546927,281519
4313409,8257280.81,8736150.678,33146.73,35013.51,0.057993651786683,0.056318677589011,246748
4313508,1326458.831,2026364.141,30017.17,45569.04,0.527649478176681,0.518099141258153,45994
4314902,72734881.188,73862305.953,49111.38,49740.9,0.015500468916501,0.012818210361835,1483771
4318705,7198241.478,7829272.202,31340.58,33905.58,0.087664567231958,0.081842773809547,236835
4319901,2879301.781,3286118.865,36015.58,40917.42,0.141290185934838,0.136103319729961,81734
4320008,2792944.982,3135020.484,20102.82,22477.13,0.122478424818466,0.118108305202952,141075
4321501,1087933.208,1162766.362,29134.3,30954.27,0.068784695098672,0.062468293386146,38732
4322509,2068241.9,2131390.402,31753.16,32591.56,0.03053245464179,0.026403671319642,66218
4323002,3483649.494,3564507.027,13776.34,14049.15,0.023210582218235,0.019802792323651,255224
5200258,1627628.354,1783502.341,8499.41,9108.33,0.095767554440134,0.071642619899499,212440
5201108,12853491.61,14204319.164,34657.21,37863.85,0.105094210583921,0.092524470377159,386923
5201405,11762376.008,12882843.584,22104.12,23765.14,0.095258608910133,0.075145267036191,578179
5204508,2217910.674,2336724.704,26651.17,27523.26,0.053570250322895,0.032722390799353,91162
5205109,5647513.909,6231011.076,56143.89,60853.88,0.103319297022027,0.083891408308188,108823
5208004,2099769.908,2306354.813,18413.22,19918.6,0.098384544045957,0.081755390963666,121617
5208707,46612710.869,49023142.356,32176.9,33437.67,0.051711892358594,0.039182456980007,1516113
5209101,1506478.881,1539056.02,44076.15,44854.75,0.021624690137292,0.017664882254916,34095
5211503,4052581.994,4144600.669,39909.62,40430,0.022706184633954,0.013038961533585,104742
5212501,3470089.416,3391348.732,17626.84,16989.45,-0.022691255054392,-0.036160196609262,208299
5213806,1267624.311,1274548.339,28169.43,28084.89,0.005462208274104,-0.003001125688379,46136
5221403,1917208.954,2064525.123,16059.04,17024.76,0.076838869697872,0.060135599637338,127599
5221858,2295604.815,2492501.202,14676,15626.97,0.085771028930343,0.064797628781684,168468
5300108,235540044.811,244682756.474,79114.19,80502.47,0.038815954502922,0.017547800211315,3015268
1200203,1223339.766,1287722.097,14905.14,15585.7,0.052628331710751,0.045659416818628,88376
1200401,7880432.108,8151493.581,20899.84,21258.68,0.034396777903185,0.017169509431651,407319
1400100,8110722.016,8939317.148,24847.58,26924.03,0.102160464921055,0.083567494299243,399213
1500404,660477.346,609244.317,12017.42,11027.84,-0.077569699112738,-0.082345461837899,56789
1500602,2497077.505,2500590.608,22713.51,22439.9,0.001406885846741,-0.012046134657303,114594
1503606,1597707.147,1770651.514,16222.85,17971.96,0.108245348545092,0.107817676918667,101247
1506807,4574029.219,4835187.733,15534.3,16318.44,0.057095943531619,0.050477974546648,304589
5100250,1582973.345,1491332.969,31607.63,29714.34,-0.057891294436167,-0.059899777363883,51782
5107909,5108280.048,5626287.117,38427.19,41408.12,0.101405377961377,0.07757345775218,142996
5107925,5640161.601,5731412.989,68124.48,67251.95,0.016178860546092,-0.012807877579396,90313
1500107,1246638.758,1337194.373,8205.13,8718.18,0.072639820011115,0.06252795507201,157698
1500800,6718793.209,6979135.032,13152.6,13523.96,0.03874830120553,0.028234721651993,530598
1501402,29466893.59,30238483.961,20377.62,20821.46,0.026184991934876,0.021780757517316,1492745
1501709,1047905.467,1115894.549,8527.81,8985.82,0.064880930714717,0.053707810094268,127686
1502103,1138430.813,1183524.775,8590.96,8825.69,0.039610630250922,0.027322906869547,137890
1502400,3605674.382,3757158.777,18723.87,19242.51,0.042012777347902,0.027699401886469,200793
1502707,543396.398,559361.433,11689.71,12010.94,0.029380089854773,0.027479723620175,47864
1504208,7487234.798,8596000.284,28049.22,31650.18,0.148087446956542,0.128380040514495,279349
1505502,2667464.763,2949844.235,24574.28,26810.43,0.105860619385434,0.090995544935599,113145
1505536,12645408.96,18431904.397,64432.25,91086.52,0.457596543955507,0.413679019435143,208273
1506138,1645578.496,1699977.816,20154.79,20614.79,0.033057870002696,0.022823358615992,84787
1508407,1157431.927,1217202.496,26799.85,27962.38,0.051640677611963,0.043378227863216,44751
1702109,3799312.14,4013612,21947.13,22809.8,0.056404910179346,0.039306733955647,180470
1709500,2033483.182,2155992.052,24028.49,25209.5,0.060245824054226,0.049150404374141,86647
1716109,1221527.525,1196353.021,24564.67,23756.02,-0.020609035396071,-0.032919229120521,51252
1718204,1528242.287,2627603.828,29103.83,49738.85,0.71936338259432,0.70901389954518,53010
1721000,8100688.649,8246273.481,28945.92,28754,0.017971908106599,-0.006630295392235,299127
2100055,2001693.68,2202287.042,18107.83,19780.01,0.100211817624363,0.092345686921072,112445
2101202,1129028.542,1137995.225,10959.31,11010.12,0.007941945368464,0.004636240785232,104949
2101400,2387268.32,3046412.874,25529.28,32142.28,0.27610828178711,0.259035899171461,94887
2101608,602675.79,651887.137,6954.33,7481.35,0.081654760016161,0.075783001381873,88212
2103000,1669413.292,1714089.313,10309.73,10538.06,0.02676151029472,0.022147039738189,164880
2103307,1025607.563,957335.755,8507.88,7924.31,-0.066567184625958,-0.068591705571776,122859
2105302,6977203.509,6599566.706,27483.05,25924.47,-0.05412437841506,-0.056710590709546,258682
2108603,796278.658,830416.394,9719.72,10081.05,0.042871594833074,0.037174939195779,83387
2109106,519290.496,552912.86,11055.79,11704.58,0.064746734744785,0.058683278173699,47804
2109908,1223195.67,1225219.499,14603.75,13920.89,0.001654542318646,-0.046759222802362,89044
2111201,1914648.868,1996204.159,10878.19,11315.2,0.042595429565731,0.040173043493449,177687
2111300,28350665.345,29727649.883,26179.47,27226.41,0.048569743293268,0.039990878348569,1101884
2207702,1917307.062,2037540.021,12764.94,13534.25,0.062709287094881,0.060267419980039,153078
2208007,1397869.663,1425585.848,18213.52,18531.43,0.019827445815311,0.017454616131313,78222
2208403,641357.35,657160.43,10229.8,10475.51,0.024640054409605,0.024019042405521,63742
2211001,19161572.632,19113869.984,22611.39,22481.67,-0.002489495456147,-0.005736931696813,864845
2302800,643018.347,713662.633,8322.68,9206.89,0.109863561949034,0.106241018518073,76997
2303709,5443796.422,5860369.779,15199.17,16178.9,0.076522581799074,0.064459440877364,361400
2304103,666758.771,745267.064,8967.84,10013.53,0.117746172100974,0.116604444325501,75074
2304202,1512879.334,1537561.923,11667.87,11772.7,0.016314975322414,0.008984501884234,132123
2304400,60088000.548,61579403.172,23024.73,23436.66,0.024820307056292,0.017890763539898,2669342
2305407,538446.621,559409.869,7995.35,8289.27,0.038932824875133,0.036761367544885,68018
2305506,1422457.526,1501965.86,13943.88,14637.05,0.055895049621327,0.049711414613436,102498
2306405,1329819.959,1560065.114,10534.56,12239.16,0.173140095726297,0.161810270196382,129358
2307304,4183987.276,4427525.372,15597.46,16375.01,0.058207178926421,0.049851065493997,274207
2307601,924249.139,916868.662,15785.1,15562.57,-0.007985376116212,-0.014097471666318,59540
2307650,8100726.027,8537587.909,36295.53,37977.92,0.053928731886985,0.046352539830662,227886
2311306,971817.668,937277.308,11301.39,10822.44,-0.035542016920812,-0.042379742668822,87728
2312908,4143824.123,4455730.998,20344.58,21679.33,0.075270297614414,0.065607154337912,208935
2402006,1060507.416,1145089.488,15653.94,16784.75,0.079756228691945,0.072238043585192993,67952
2403251,5210838.348,5022893.71,20958.79,19720.13,-0.036068023118034,-0.059099785817788,261469
2408003,5818422.799,6166118.898,19930.41,20858.33,0.059757791932851,0.046557998555976,297378
2408102,21861052.963,23454682.58,24908.28,26497.08,0.072898117931338,0.063786018143364,884122
2501807,1225858.381,1355755.791,12692.28,13975.42,0.105964450717411,0.101096099361186,96880
2503209,2482531.603,2895223.363,37131.41,42556.16,0.166238270441869,0.146095987197901,67736
2504009,8373970.366,8648689.518,20536.82,21077.3,0.032806320060006,0.026317609055345,409731
2507507,18740050.091,19737916.963,23374.87,24319.82,0.053247823093025,0.040425893277695,809015
2510808,1546308.716,1711982.422,14442.44,15882.57,0.10714141638454,0.099715145086287,107605
2516201,1048493.826,1085478.995,15152.52,15606.28,0.035274570133711,0.029946173969742,69444
2601102,786322.577,987496.546,9441.12,11790.02,0.25584152723622,0.248794634534886,84418
2601201,948980.305,978163.707,12972.36,13278.18,0.030752378996949,0.023574738906413,74338
2601706,1504741.436,1804833.052,19870.08,23752.18,0.199430685445682,0.195374150481528,76439
2602902,8656730.551,9964400.69,42720.6,48689.25,0.151058200471417,0.13971362761759,207048
2604106,6261484.018,6877207.881,17804.19,19311.06,0.098335132890217,0.084635695305431,361118
2606002,2090674.019,2342966.559,15170.7,16899.4,0.120675216560387,0.113949916615581,139788
2606200,5570160.798,9146860.378,70561.96,115419.25,0.64211783280731,0.635714909279731,79758
2606804,2349046.302,2479117.465,20613.63,21483.19,0.055371902584149,0.042183739593657,117019
2607901,13405929.846,13545568.849,19397.26,19463.25,0.01041621167678,0.003402026884209,702298
2608800,410108.999,451193.633,10364.14,11311.51,0.100179791470511,0.091408452606777,40288
2609600,5271214.262,5438691.004,13510.95,13917.85,0.031771947349462,0.030116313064588,392482
2610707,3803797.624,4019150.409,11682.78,12240.33,0.056615205719998,0.047724086219205,331774
2611101,5764620.81,5990719.128,17071.1,17454.51,0.039221715608385,0.022459595456649,349145
2611606,49405396.809,51859618.333,30392.42,31743.72,0.049675170781199,0.044461744079609,1645727
2612208,784308.634,792726.114,13046.37,13113.1,0.010732356670703,0.005114832708255,60930
2612505,1300316.517,1428396.241,12544.05,13505.89,0.098498882637819,0.076676990286231,107937
2613909,1284215.861,1337329.614,15113.76,15628.85,0.041358898151781,0.0340808640603,86350
2616407,3207949.009,3691942.858,23466.04,26835.27,0.150873298684655,0.143578976256752,138757
2700300,3892759.967,4100974.717,16730.75,17511.69,0.053487692990345,0.046676927214859,231747
2702405,457367.581,475854.878,8744.07,9047.19,0.040421091848222,0.03466577920808,52016
2704302,21305267.563,21827916.596,20852.58,21210.09,0.024531446575572,0.017144641094771,1018948
2706307,724987.074,778610.249,9790.64,10492.27,0.073964318707288,0.071663343765066,73218
2707701,983459.086,1020537.237,12993.59,13424.77,0.037701772781222,0.033184054599229,75120
2800308,16567686.352,16373280.053,25825.55,25185.55,-0.011734064423336,-0.024781660022729,657013
2802908,1627832.769,1805071.517,17245.27,18961.63,0.108880194191496,0.099526420867867,95427
2803500,1372788.745,1505153.393,13303.76,14458.87,0.09642026020544,0.086825829690253,104408
2804805,2444144.149,2597290.002,13604.2,14276.47,0.062658273679422,0.049416356713368,183628
2900702,3171737.062,3509539.996,20415.14,22500.08,0.106504078805004,0.10212714681359,151596
2903201,3379007.307,3889951.663,21727.3,24676.48,0.151211379431326,0.13573614761153,155439
2905701,21964986.736,23103227.39,75203.5,77816.68,0.051820684787141,0.03474811677648,299132
2910800,13104860.393,13657295.097,21047.28,21765.41,0.042154947663165,0.034119848265429,614872
2914000,695660.775,647843.915,11095.6,10343.82,-0.068735886395205,-0.067754785680811,59595
2914604,1016125.035,1080881.345,13747.21,14511.79,0.063728682759991,0.055617103397708,72967
2917508,1269910.208,1269589.577,15220.35,15180.12,-2.5248320549e-4,-0.002643171806167,80518
2917607,552457.455,514486.952,9909.37,9181.86,-0.068730184842921,-0.073416372584735,54423
2918407,3434922.071,3700881.797,15595.35,16687.7,0.077428168820893,0.070043314193013,216707
2919207,6111159.967,6286762.794,31397.08,31809.81,0.028734778331487,0.013145489962761,198440
2919504,419473.621,417738.565,9040.57,8937.69,-0.004136269632078,-0.011379813440967,45732
2924009,2268226.399,2887775.981,18912.92,23924.05,0.273142743719561,0.264958028691498,117782
2927408,61168158.114,62717483.401,20819.01,21231.48,0.025328951120491,0.019812181270867,2872347
2928703,2094970.044,2094611.493,20444.92,20268.73,-1.71148509272e-4,-0.008617788673176,101512
2930105,796343.762,813589.254,9859.52,10017.35,0.021655838625129,0.016007878679692,79015
2930501,821646.012,851147.079,9944.76,10243.92,0.035904838055735,0.030082173928783,80861
2930709,4998265.631,5322068.096,37113.81,39118.47,0.064782964513076,0.054013856297696,134377
2932903,1407503.496,1435289.671,14354.52,14534.73,0.019741460734532,0.012554233788381,96562
5218003,843256.524,921704.493,18716.16,20344.43,0.093029780105206,0.0869980808029,45394
3541406,7397140.445,7806812.759,33059.99,34655.21,0.055382524780493,0.048252283197908,228743
4203006,2733644.562,3073698.157,35700.78,39751.41,0.124395687620489,0.113460546240166,78595
4302105,5151925.385,5531265.954,45112,48069.12,0.073630835202789,0.065550629544245,120454
4309308,5944685.739,5629241.991,59934.73,56669.84,-0.053063149483334,-0.054474092066486,98143
5211909,4124965.263,4510376.049,42491.68,45964.21,0.093433704631902,0.08172258663343,100882
5218805,8619820.97,9498289.147,40614.13,43761.24,0.101912578005666,0.077488056496594,235647
2904605,1373112.324,1699700.794,19764.69,24394,0.237845414604261,0.234221229880155,67195
2905206,637773.508,867207.901,12102.88,16407.92,0.359742745852655,0.355703766376267,50975
2911709,1196901.953,1263761.417,13865.87,14558.12,0.055860435211438,0.04992474327251,84481
2918001,2441995.168,2557370.367,15085.22,15765.9,0.047246284723197,0.045122311772715,155966
1600303,9337263.882,9994877.203,20058.78,21054.88,0.070428910365029,0.049659052046037,503327
1600600,1758526.939,1909859.508,15445.46,16539.73,0.086056440560448,0.070847355792576,121364
4102000,1155198.28,1151648.642,33930.51,33808.38,-0.003072752151258,-0.003599415393403,33362
4104303,3362794.282,3435759.695,35947.64,36491.24,0.021697852107862,0.015121994100308,94859
4104808,10816720.288,11374860.961,34205.66,35590.04,0.05159980642369,0.040472249329497,328454
4105508,2491858.229,2716202.148,31722,34135.58,0.090030771570031,0.076085366622533,82620
4108403,2843645.91,3069185.799,32502.15,34693.79,0.079313633320824,0.067430616128471,91093
4114609,2078276.247,2199043.85,40507.47,42456.68,0.058109504534986,0.0481197665517,52944
4115200,16092130.185,16906177.37,39924.6,41569.88,0.050586664142128,0.041209680247266,423666
4118402,2224810.021,2648763.04,25479.98,30150.97,0.190556953177262,0.183320002605968,88374
4118501,3333655.295,3598921.782,41739.04,44590.78,0.079572260334733,0.068323085533352,82881
4127700,5407334.646,5929258.473,40406.31,43746.1,0.096521458568518,0.08265515955305,140635
4128104,3159548.857,3284406.092,28951.63,29870.46,0.03951742500306,0.03173672777664,111557
4101804,16979842.877,16972344.975,125350.42,123478.34,-4.4157664204e-4,-0.014934772456287,143843
4104204,3810959.602,4151593.07,30313.31,32610.37,0.089382597449009,0.075777274075315,132002
4104907,2505435.911,2658988.598,35208.98,37188.13,0.061287812761777,0.056211511949508,71484
4105805,4685616.312,4733738.01,19943.8,19939.76,0.010270089310719,-2.02569219507e-4,243726
4106407,1407158.651,1447867.116,28944.95,29744.38,0.028929548897042,0.027618980167525,47845
4106902,83746836.773,84702356.72,44216.98,44384.92,0.011409624337096,0.003798088426663,1933105
4113700,18474866.202,19235187.722,33384.71,34444.56,0.041154372198793,0.03174656901318,569733
4118204,8308347.567,9856373.504,54721.74,64431.27,0.186321759473402,0.177434599119107,154936
4119152,5386041.042,5593789.573,41994.46,43213.64,0.038571657620131,0.029031924687209,132157
4119905,12973746.429,14533644.789,38031.68,42208.23,0.120234996771109,0.109817657279405,351736
4124103,1005825.879,1141373.679,22075.98,24910.49,0.134762688880866,0.128397923897376,45993
4125506,20145047.721,22581192.463,66538.23,73427.61,0.120930204571343,0.103540175324772,323340
4128203,1407132.63,1530300.141,24839.06,26834.66,0.087530847038918,0.080341204538336,57517
4101408,2977108.896,3167647.362,22627.39,23872.36,0.064001174513974,0.055020486233719,134996
4101507,4035335.109,4474057.009,34501.84,37763.08,0.108720066152999,0.094523654390607,123027
4103701,3605364.443,3840715.073,34470.75,36457.75,0.065277902891882,0.05764307420059,106533
4109401,5239646.946,5606255.298,29229.97,31083.01,0.069968140177817,0.063395207042634,181504
4108304,13550780.66,13463838.397,51345.25,50990.89,-0.006416033524669,-0.006901514745765,258532
1301902,1891521.729,1978815.238,19202.68,19817.09,0.046149884329455,0.031996054717362,101337
1302504,1316859.655,1525165.205,13813.7,15811.37,0.158183561330232,0.144615128459428,97377
1302603,70234306.331,73201651.248,33534.48,34362.71,0.042249223663084,0.02469786321422,2182763
1303403,1027339.95,1092091.941,9114.41,9593.89,0.063028787111803,0.052606806145433,114273
1304203,657169.849,744799.604,10560.34,12008.83,0.133344150120922,0.137163197397054,59849
1100023,2184346.102,2296073.705,20627.28,21389.67,0.051149221681354,0.036960277845649,107863
1100049,1947282.542,2127523.254,22159.18,24037.91,0.092560123203734,0.084783371947879,85359
1100122,2985774.615,3026758.784,22695.16,22814.71,0.013726477810516,0.005267642968809,128969
1100189,1000682.225,1076410.808,26482.88,28288.63,0.07567695428986,0.068185559878684,36660
1100205,14751261.498,16514535.198,28855.07,31793.2,0.11953375650205,0.101823700306393,529.544(1)
1100304,2421840.15,2555581.99,25834.34,26723.64,0.055223231805782,0.034423174735642,99854
