<?xml version="1.0" encoding="utf-8" ?>
<ESRI_ItemInformation Culture='pt-BR'>
<name>BIZROG_ZNMT2017_2019_Publ_10.4</name>
<guid>5F9F9ADD-F49F-493D-BC5A-A5A25A1A49EF</guid>
<catalogpath></catalogpath>
<snippet>Zoneamento Nacional de Recursos de Óleo e Gás
Ciclo 2017-2019</snippet>
<description>O ZONEAMENTO NACIONAL DE RECURSOS DE ÓLEO E GÁS (ZNMT) é um estudo contínuo realizado em ciclos pela Empresa de Pesquisa Energética (EPE) para apoiar o Ministério de Minas e Energia (MME) na elaboração do planejamento energético. Seu objetivo geral é a obtenção de uma base de informações georreferenciadas - BIZROG[1] que permite representar zonas, na forma de mapas, sobre a importância relativa das diversas áreas do país para o desenvolvimento econômico nacional do setor de petróleo e gás. Tal base de informações constitui-se em importante instrumento para o planejamento energético, no contexto do Plano Nacional de Energia (PNE) e do Plano Decenal de Expansão de Energia (PDE). 



--------------------------------------------------------------------------------
[1] BIZROG é a sigla para Base de Informações do Zoneamento Nacional de Recursos de Óleo e Gás. A data de referência dessa base para o presente estudo é 30 de abril de 2019. 
</description>
<summary>Zoneamento Nacional de Recursos de Óleo e Gás
Ciclo 2017-2019</summary>
<title>BIZROG_ZNMT2017_2019_Publ_10.4</title>
<tags>Petróleo, Gás, Zoneamento, Energia, EPE</tags>
<type>Map Package</type>
<typekeywords>
<typekeyword>File Geodatabase Feature Class</typekeyword>
<typekeyword>Fgdb Raster Dataset</typekeyword>
<typekeyword>Map Package</typekeyword>
<typekeyword>Map</typekeyword>
<typekeyword>2D</typekeyword>
<typekeyword>ArcMap</typekeyword>
<typekeyword>mpk</typekeyword>
</typekeywords>
<thumbnail>thumbnail/thumbnail.png</thumbnail>
<documentation></documentation>
<url></url>
<datalastmodifiedtime></datalastmodifiedtime>
<extent>
<xmin>-77.9617706087328</xmin>
<ymin>-35.8493435335358</ymin>
<xmax>-27.0557527091269</xmax>
<ymax>7.0719986721961</ymax>
</extent>
<spatialreference>GCS_SIRGAS_2000</spatialreference>
<accessinformation></accessinformation>
<licenseinfo></licenseinfo>
</ESRI_ItemInformation>
